title,created_utc
All the way up! TSLA Every dollar count .üòé,1637617324
"It‚Äôs been a hell of a week. Thanks $TSLA, $NVDA, &amp; $RBLX. Have a happy turkey day everyoneü¶É",1637616195
150k profit in 30 mins with $TSLA PUTS. TOO EASY! Thank you Elon for the tendies ;),1637602140
$GGPI Polestar - Global EV Pure Play - DD,1637598852
The $TSLA 12/9 split conspiracy theorists got to me. Betting $780K Elon announces another 5:1 split,1637592377
I'm Stevo and this is the $TSLA Bear Experience,1637574580
$TSLA bubble concisely explained,1637555867
Instagram chad uses Coca Cola bottle to hack $TSLA full self driving capabilities,1637553167
Instagram chad uses Coca Cola bottle to hack $TSLA full self driving capabilities,1637552513
Instagram chad uses Coca Cola bottle to hack $TSLA full self driving capabilities,1637552312
Instagram chad uses Coca Cola bottle to hack $TSLA full self driving capabilities,1637551635
"TSLA - ""SELLIN' SUNSHINE LIKE IT'S CRACK ROCK...""",1637545640
$tsla Apes,1637540556
fuck this subreddit‚Äôs bot i just want to post my financial loss,1637530611
classic degen move YOLO 10k into weekly OTM $TSLA calls expiring 2 days from entry,1637530440
YOLOed $10k into $1140/$1155 TSLA calls expiring in 2 days,1637530197
"I bought TSLA 11/19 calls on thursday and apparently my sell order never went through so now I own 15,000 shares of TSLA‚Ä¶ I think it‚Äôs time to hodl",1637524993
"How can I/we profit the most from the incomming EV ""bubble bust""?? Shorting TSLA would not make much sense due to the insane IV at the moment. leave your suggestions in the comment and lets discuss this!",1637519291
Tesla Stock Split Conspiracy Theory,1637475296
Take a Ride in My TSLA TA,1637468352
Not Evergrand will collapse the global economy...,1637465240
Apple is severely undervalued,1637445419
Apple is severely undervalued,1637445155
Is RIVN the new TSLA?,1637434095
Is Rivian's market cap comparable to TSLA,1637433034
"TSLA - ""I wrote a song about it. Like to hear it? Here it go...""",1637419254
"PLTR - Q3 Government Revenue Declined vs Q2, But May Not Be Bad",1637418803
So I asked GPT 3 about TSLA.,1637417785
TSLA puts back on the menu Monday? ‚ÄúTesla drivers left unable to start their cars after outage‚Äù,1637415716
Why does Jim Cramer get so much attention?,1637396032
"1.4k to almost 20k in the last month. Plays on Tsla, lithium, intuit, home depot, nvidia and your mom",1637379226
WSB $TSLA Bear Experience,1637354991
$AUR,1637354314
Full ported weekly OTM $TSLA calls,1637335930
"Tesla (TSLA) is in a position to grab $2.5 trillion of EV market, says top analyst",1637334495
"Theory suggests Elon Musk hints at a 5-1 TSLA split for December 9, 2021",1637333346
"Turned a 1k TSLA into 2, then won on some NVDA calls. I will be using this to help buy a new truck ü•∞",1637328346
$AUR THE PERFECT MIX OF EV AUTOPILOT AND AI MIXED TOGETHER WITH APPLE RUMOR,1637326134
AUR Aurora Innovations the MOST UNDERVALUED SELF DRIVING EV SPAC BREAK OUT,1637325668
TSLA new car smell.,1637324321
ARK seems to be a broken clock,1637303570
Dont forget $TSLA was the original meme stock üò§üöÄüò§üöÄ,1637299096
Why would someone buy $171.96 Million worth of DEEP in the money calls for $TSLA that expire 19NOV2021?,1637288878
Why would someone buy $171.96 Million dollars worth of TSLA *750* Strike calls?,1637287188
Industry incumbents influence on the social media community and stock price movement for the leaders in the industry,1637287094
Started option trading with TSLA. Whats the next step?,1637282635
I Analyzed $NVDA So You Don't Have To,1637275168
Can I buy stock low and sell my high right after with no consequence?,1637274655
"Stars, planets and literally rockets are aligning for a splitty split on 12/9",1637268433
$80.1k (Bought $78.7k in positions intraday) -&gt; $29.9k (Bottom was $27.6k) From TSLA weeklies I bought today and sold at bottom,1637268404
